0.000000000000000,3.138451060936203,0.000000000000000,
0.100000000000000,3.138435339904544,-0.000314682604945,
0.200000000000000,3.138388019468936,-0.000632514643708,
0.300000000000000,3.138308626031686,-0.000956677069769,
0.400000000000000,3.138196365004495,-0.001290414189354,
0.500000000000000,3.138050112844382,-0.001637066132968,
0.600000000000000,3.137868405819850,-0.002000102281339,
0.700000000000000,3.137649425358330,-0.002383155985903,
0.800000000000000,3.137390979846055,-0.002790060929765,
0.900000000000000,3.137090482695206,-0.003224889492799,
1.000000000000000,3.136744926457697,-0.003691993504713,
1.100000000000000,3.136350852728707,-0.004196047791457,
1.200000000000000,3.135904317536494,-0.004742096953901,
1.300000000000000,3.135400851873846,-0.005335605843439,
1.400000000000000,3.134835416976584,-0.005982514239014,
1.500000000000000,3.134202353902564,-0.006689296270809,
1.600000000000000,3.133495326903399,-0.007463025186292,
1.700000000000000,3.132707260028467,-0.008311444100003,
1.800000000000000,3.131830266326336,-0.009243043432287,
1.900000000000001,3.130855568933977,-0.010267145809451,
2.000000000000000,3.129773413268888,-0.011393999266009,
2.100000000000001,3.128572969447895,-0.012634879672996,
2.200000000000001,3.127242223959875,-0.014002203405365,
2.300000000000001,3.125767859514102,-0.015509651358934,
2.400000000000001,3.124135121868962,-0.017172305535721,
2.500000000000001,3.122327672318607,-0.019006799533903,
2.600000000000001,3.120327424374919,-0.021031484407269,
2.700000000000001,3.118114363028805,-0.023266611498415,
2.800000000000001,3.115666344807034,-0.025734534000322,
2.900000000000001,3.112958876657380,-0.028459929162053,
3.000000000000001,3.109964871494765,-0.031470043225466,
3.100000000000001,3.106654378023507,-0.034794961359454,
3.200000000000002,3.102994282214896,-0.038467905043766,
3.300000000000002,3.098947977564677,-0.042525559542084,
3.400000000000002,3.094475000981901,-0.047008434287571,
3.500000000000002,3.089530630869449,-0.051961259174993,
3.600000000000002,3.084065443649739,-0.057433419899078,
3.700000000000002,3.078024824669616,-0.063479435582657,
3.800000000000002,3.071348429090383,-0.070159481965683,
3.900000000000002,3.063969588048669,-0.077539963380433,
4.000000000000002,3.055814655051245,-0.085694136485320,
4.100000000000001,3.046802287301933,-0.094702788345068,
4.200000000000001,3.036842656421489,-0.104654970669573,
4.300000000000001,3.025836582900153,-0.115648790917581,
4.400000000000000,3.013674588633115,-0.127792259201847,
4.500000000000000,3.000235862108625,-0.141204187441948,
4.600000000000000,2.985387131349369,-0.156015133597147,
4.699999999999999,2.968981440662149,-0.172368378750688,
4.799999999999999,2.950856828797219,-0.190420917841433,
4.899999999999999,2.930834908509532,-0.210344435186697,
4.999999999999998,2.908719351006332,-0.232326222924533,
5.099999999999998,2.884294283793031,-0.256569982934616,
5.199999999999998,2.857322617490558,-0.283296429374073,
5.299999999999997,2.827544326958160,-0.312743578050149,
5.399999999999997,2.794674725359577,-0.345166568482997,
5.499999999999996,2.758402787731774,-0.380836812425690,
5.599999999999996,2.718389604406487,-0.420040196565979,
5.699999999999996,2.674267075832663,-0.463073984970078,
5.799999999999995,2.625637000620914,-0.510241967362061,
5.899999999999995,2.572070759694167,-0.561847283334242,
5.999999999999995,2.513109862747958,-0.618182224621339,
6.099999999999994,2.448267699522700,-0.679514188784401,
6.199999999999994,2.377032926738120,-0.746066849883604,
6.299999999999994,2.298875018143797,-0.817995562572471,
6.399999999999993,2.213252601328760,-0.895356085546535,
6.499999999999993,2.119625284716107,-0.978065986040815,
6.599999999999993,2.017469715276361,-1.065858686702013,
6.699999999999992,1.906300562691148,-1.158231178624830,
6.799999999999992,1.785696945817273,-1.254388082555300,
6.899999999999991,1.655334438492275,-1.353187061848576,
6.999999999999991,1.515022150598596,-1.453093478911800,
7.099999999999991,1.364743436860168,-1.552155247090546,
7.199999999999990,1.204697559940817,-1.648011242815345,
7.299999999999990,1.035338251101213,-1.737947133411378,
7.399999999999990,0.857403839139620,-1.819009518180652,
7.499999999999989,0.671932868214124,-1.888181656290556,
7.599999999999989,0.480259379373726,-1.942611737917756,
7.699999999999989,0.283983676498006,-1.979869677080327,
7.799999999999988,0.084917502963706,-1.998195055605053,
7.899999999999988,-0.114993313310238,-1.996692573617272,
7.999999999999988,-0.313761471830561,-1.975436372655796,
8.099999999999987,-0.509455678706465,-1.935461272571711,
8.199999999999987,-0.700291569343852,-1.878642800453620,
8.299999999999986,-0.884706039280667,-1.807491100907649,
8.399999999999986,-1.061408302252482,-1.724898908623077,
8.499999999999986,-1.229405273103487,-1.633886934046940,
8.599999999999985,-1.388002899367696,-1.537382341842193,
8.699999999999985,-1.536787965391534,-1.438052065457247,
8.799999999999985,-1.675596314426407,-1.338197899624816,
8.899999999999984,-1.804473507618805,-1.239708630004060,
8.999999999999984,-1.923633079515634,-1.144057579755065,
9.099999999999984,-2.033416237290870,-1.052331608564616,
9.199999999999983,-2.134255477921564,-0.965278475534716,
9.299999999999983,-2.226643409272407,-0.883362058841346,
9.399999999999983,-2.311107163814602,-0.806818000278640,
9.499999999999982,-2.388188195559910,-0.735705161938212,
9.599999999999982,-2.458426906192279,-0.669950504743173,
9.699999999999982,-2.522351390736865,-0.609386560222499,
9.799999999999981,-2.580469563703471,-0.553781650553253,
9.899999999999981,-2.633263972343218,-0.502863554196977,
9.999999999999980,-2.681188687302703,-0.456337552373391,
10.099999999999980,-2.724667758023737,-0.413899838347283,
10.199999999999980,-2.764094816003424,-0.375247210342758,
10.299999999999979,-2.799833495723770,-0.340083855992960,
10.399999999999979,-2.832218417403157,-0.308125906507875,
10.499999999999979,-2.861556537127733,-0.279104312063811,
10.599999999999978,-2.888128719255566,-0.252766476233078,
10.699999999999978,-2.912191424780546,-0.228876990430655,
10.799999999999978,-2.933978439319866,-0.207217729728778,
10.899999999999977,-2.953702587210433,-0.187587507582088,
10.999999999999977,-2.971557395341713,-0.169801436850305,
11.099999999999977,-2.987718683065439,-0.153690105686425,
11.199999999999976,-3.002346063828018,-0.139098647187118,
11.299999999999976,-3.015584350886097,-0.125885759265922,
11.399999999999975,-3.027564864230850,-0.113922714407169,
11.499999999999975,-3.038406639157016,-0.103092386491561,
11.599999999999975,-3.048217539150077,-0.093288312714861,
11.699999999999974,-3.057095277215455,-0.084413801946578,
11.799999999999974,-3.065128350653893,-0.076381096069618,
11.899999999999974,-3.072396894761488,-0.069110587425590,
11.999999999999973,-3.078973461118056,-0.062530093105271,
12.099999999999973,-3.084923726114939,-0.056574185194185,
12.199999999999973,-3.090307135226464,-0.051183575005432,
12.299999999999972,-3.095177488295789,-0.046304548653512,
12.399999999999972,-3.099583470819625,-0.041888450930571,
12.499999999999972,-3.103569135901544,-0.037891214256436,
12.599999999999971,-3.107174341217361,-0.034272929424817,
12.699999999999971,-3.110435145009927,-0.030997454915201,
12.799999999999971,-3.113384164812841,-0.028032061650388,
12.899999999999970,-3.116050902297736,-0.025347110230058,
12.999999999999970,-3.118462037351494,-0.022915757844178,
13.099999999999969,-3.120641694219174,-0.020713692254813,
13.199999999999969,-3.122611682296773,-0.018718890422445,
13.299999999999969,-3.124391713924789,-0.016911399537837,
13.399999999999968,-3.125999601318686,-0.015273138398768,
13.499999999999968,-3.127451434574807,-0.013787717240921,
13.599999999999968,-3.128761742509305,-0.012440274291650,
13.699999999999967,-3.129943637922068,-0.011217327464034,
13.799999999999967,-3.131008948726310,-0.010106639746419,
13.899999999999967,-3.131968336246485,-0.009097096969454,
13.999999999999966,-3.132831401861258,-0.008178596748962,
14.099999999999966,-3.133606783053463,-0.007341947509187,
14.199999999999966,-3.134302239824452,-0.006578776587715,
14.299999999999965,-3.134924732334690,-0.005881446511160,
14.399999999999965,-3.135480490545526,-0.005242978610192,
14.499999999999964,-3.135975076557492,-0.004656983214279,
14.599999999999964,-3.136413440267850,-0.004117595731079,
14.699999999999964,-3.136799968903545,-0.003619417973395,
14.799999999999963,-3.137138530924639,-0.003157464148454,
14.899999999999963,-3.137432514737159,-0.002727110970405,
14.999999999999963,-3.137684862602429,-0.002324051397828,
15.099999999999962,-3.137898100082011,-0.001944251534037,
15.199999999999962,-3.138074361312752,-0.001583910259443,
15.299999999999962,-3.138215410364746,-0.001239421192376,
15.399999999999961,-3.138322658895871,-0.000907336598015,
15.499999999999961,-3.138397180279499,-0.000584332884457,
15.599999999999961,-3.138439720346773,-0.000267177340769,
15.699999999999960,-3.138450704850838,0.000047304215692,
15.799999999999960,-3.138430243727758,0.000362259206326,
15.899999999999959,-3.138378132196737,0.000680839790621,
15.999999999999959,-3.138293848710721,0.001006234412959,
16.099999999999959,-3.138176549736755,0.001341699712383,
16.199999999999960,-3.138025061313941,0.001690593114662,
16.299999999999962,-3.137837867304526,0.002056406432719,
16.399999999999963,-3.137613094220577,0.002442800811557,
16.499999999999964,-3.137348492474407,0.002853643367260,
16.599999999999966,-3.137041413865382,0.003293045885961,
16.699999999999967,-3.136688785077524,0.003765405971082,
16.799999999999969,-3.136287076923106,0.004275451048540,
16.899999999999970,-3.135832269024655,0.004828285670725,
16.999999999999972,-3.135319809582051,0.005429442591436,
17.099999999999973,-3.134744569822466,0.006084938121898,
17.199999999999974,-3.134100792677958,0.006801332320065,
17.299999999999976,-3.133382035177415,0.007585794613984,
17.399999999999977,-3.132581103977615,0.008446175512438,
17.499999999999979,-3.131689983389450,0.009391085116930,
17.599999999999980,-3.130699755180591,0.010429979215564,
17.699999999999982,-3.129600509354417,0.011573253813223,
17.799999999999983,-3.128381245015421,0.012832349034577,
17.899999999999984,-3.127029760333076,0.014219863426967,
17.999999999999986,-3.125532530509354,0.015749679788929,
18.099999999999987,-3.123874572535893,0.017437103760600,
18.199999999999989,-3.122039295398127,0.019299016530855,
18.299999999999990,-3.120008334241660,0.021354043146215,
18.399999999999991,-3.117761366859898,0.023622738048318,
18.499999999999993,-3.115275910693867,0.026127789616997,
18.599999999999994,-3.112527098347047,0.028894245660704,
18.699999999999996,-3.109487429416391,0.031949761967628,
18.799999999999997,-3.106126496221993,0.035324876210870,
18.899999999999999,-3.102410680768220,0.039053309692319,
19.000000000000000,-3.098302820043890,0.043172299581915,
19.100000000000001,-3.093761836437670,0.047722964517706,
19.200000000000003,-3.088742329813577,0.052750706571775,
19.300000000000004,-3.083194127434306,0.058305652746624,
19.400000000000006,-3.077061787623817,0.064443139254593,
19.500000000000007,-3.070284052728077,0.071224241852177,
19.600000000000009,-3.062793246603659,0.078716355423208,
19.700000000000010,-3.054514611563793,0.086993825741455,
19.800000000000011,-3.045365579430618,0.096138635920569,
19.900000000000013,-3.035254971135808,0.106241149199289,
20.000000000000014,-3.024082119197924,0.117400908568796,
20.100000000000016,-3.011735907443168,0.129727491847621,
20.200000000000017,-2.998093722602040,0.143341418179911,
20.300000000000018,-2.983020312987105,0.158375098149212,
20.400000000000020,-2.966366550503670,0.174973814349795,
20.500000000000021,-2.947968093893560,0.193296711944767,
20.600000000000023,-2.927643953647673,0.213517768648930,
20.700000000000024,-2.905194962723518,0.235826699926065,
20.800000000000026,-2.880402162494786,0.260429736854058,
20.900000000000027,-2.853025120787563,0.287550189655410,
21.000000000000028,-2.822800209087020,0.317428677701605,
21.100000000000030,-2.789438879931577,0.350322864796382,
21.200000000000031,-2.752626004221125,0.386506484522465,
21.300000000000033,-2.712018352976255,0.426267372072380,
21.400000000000034,-2.667243340537239,0.469904134265024,
21.500000000000036,-2.617898187980810,0.517720987377457,
21.600000000000037,-2.563549718359321,0.570020174202398,
21.700000000000038,-2.503735060625580,0.627091242727082,
21.800000000000040,-2.437963617329046,0.689196341512092,
21.900000000000041,-2.365720741093187,0.756550584987850,
22.000000000000043,-2.286473662139839,0.829296506200074,
22.100000000000044,-2.199680304074094,0.907471708678051,
22.200000000000045,-2.104801700477568,0.990969145476588,
22.300000000000047,-2.001318752485436,1.079490113552720,
22.400000000000048,-1.888754006108325,1.172491196057730,
22.500000000000050,-1.766698922474614,1.269128141605731,
22.600000000000051,-1.634846699668574,1.368202088334716,
22.700000000000053,-1.493030019765797,1.468116489041598,
22.800000000000054,-1.341262105369275,1.566856120437859,
22.900000000000055,-1.179778209176661,1.662001774561380,
23.000000000000057,-1.009073272521393,1.750794299974377,
23.100000000000058,-0.829930265650284,1.830258059832478,
23.200000000000060,-0.643433092783430,1.897385502714196,
23.300000000000061,-0.450958389186678,1.949371636102955,
23.400000000000063,-0.254142409597856,1.983872137145031,
23.500000000000064,-0.054822508723093,1.999246201855705,
23.600000000000065,0.145043070826382,1.994740457679863,
23.700000000000067,0.343469260215592,1.970577126717739,
23.800000000000068,0.538541379893378,1.927927780275614,
23.900000000000070,0.728504141721337,1.868778304638639,
24.000000000000071,0.911832802493300,1.795713106398669,
24.100000000000072,1.087280402824862,1.711660005283921,
24.200000000000074,1.253899337951513,1.619638618969903,
24.300000000000075,1.411039407841555,1.522546085262970,
24.400000000000077,1.558327180614288,1.422999570114403,
24.500000000000078,1.695632703857964,1.323240476848580,
24.600000000000080,1.823029501052193,1.225094261174940,
24.700000000000081,1.940752832969392,1.129973613909629,
24.800000000000082,2.049159860640886,1.038911011121016,
24.900000000000084,2.148693989365264,0.952607857348507,
25.000000000000085,2.239854524929205,0.871490169965602,
25.100000000000087,2.323171922288231,0.795763826065546,
25.200000000000088,2.399188350689214,0.725465135922064,
25.300000000000090,2.468442987327423,0.660504629224817,
25.400000000000091,2.531461318787965,0.600703407457027,
25.500000000000092,2.588747714355796,0.545822323791236,
25.600000000000094,2.640780588733742,0.495584740010643,
25.700000000000095,2.688009558666861,0.449693812580446,
25.800000000000097,2.730854095579710,0.407845285876269,
25.900000000000098,2.769703271096026,0.369736698627344,
26.000000000000099,2.804916277271268,0.335073792395527,
26.100000000000101,2.836823475753939,0.303574780669222,
26.200000000000102,2.865727789601002,0.274973011979344,
26.300000000000104,2.891906299113737,0.249018449158883,
26.400000000000105,2.915611940416150,0.225478292653440,
26.500000000000107,2.937075234294912,0.204136998662633,
26.600000000000108,2.956505994697112,0.184795881287069,
26.700000000000109,2.974094982683175,0.167272439554268,
26.800000000000111,2.990015483772174,0.151399512889193,
26.900000000000112,3.004424795484467,0.137024340128170,
27.000000000000114,3.017465618270629,0.124007575681694,
27.100000000000115,3.029267347533216,0.112222300377837,
27.200000000000117,3.039947267574899,0.101553052607786,
27.300000000000118,3.049611650409006,0.091894896647818,
27.400000000000119,3.058356763720856,0.083152538674509,
27.500000000000121,3.066269793078121,0.075239496420910,
27.600000000000122,3.073429683912461,0.068077325181110,
27.700000000000124,3.079907908945112,0.061594900614526,
27.800000000000125,3.085769166692681,0.055727757266610,
27.900000000000126,3.091072016526721,0.050417480713659,
28.000000000000128,3.095869455517458,0.045611150610382,
28.100000000000129,3.100209442000077,0.041260831561845,
28.200000000000131,3.104135370484551,0.037323108576046,
28.300000000000132,3.107686502203161,0.033758663821355,
28.400000000000134,3.110898355264510,0.030531891471593,
28.500000000000135,3.113803058066689,0.027610547539281,
28.600000000000136,3.116429669319772,0.024965431752412,
28.700000000000138,3.118804467742036,0.022570098705920,
28.800000000000139,3.120951214226639,0.020400595704580,
28.900000000000141,3.122891389026563,0.018435224901612,
29.000000000000142,3.124644406275285,0.016654327521342,
29.100000000000144,3.126227807948458,0.015040088131456,
29.200000000000145,3.127657439176855,0.013576357098746,
29.300000000000146,3.128947606642258,0.012248489520234,
29.400000000000148,3.130111221624606,0.011043199068499,
29.500000000000149,3.131159929119457,0.009948425326190,
29.600000000000151,3.132104224308718,0.008953213309926,
29.700000000000152,3.132953557543420,0.008047603998527,
29.800000000000153,3.133716428884071,0.007222534785297,
29.900000000000155,3.134400473141067,0.006469748869411,
30.000000000000156,3.135012536263400,0.005781712688004,
30.100000000000158,3.135558743838145,0.005151540568816,
30.200000000000159,3.136044562384730,0.004572925853935,
30.300000000000161,3.136474854056307,0.004040077808706,
30.400000000000162,3.136853925294854,0.003547663686928,
30.500000000000163,3.137185569926327,0.003090755374381,
30.600000000000165,3.137473107126712,0.002664780078055,
30.700000000000166,3.137719414638622,0.002265474568629,
30.800000000000168,3.137926957570601,0.001888842518971,
30.900000000000169,3.138097813067216,0.001531114512294,
31.000000000000171,3.138233691096675,0.001188710320122,
31.100000000000172,3.138335951563930,0.000858203072852,
31.200000000000173,3.138405617920463,0.000536284964571,
31.300000000000175,3.138443387406956,0.000219734149043,
31.400000000000176,3.138449638031230,-0.000094617504264,
31.500000000000178,3.138424432351318,-0.000409916116679,
31.600000000000179,3.138367518101552,-0.000729317286661,
31.700000000000180,3.138278325667916,-0.001056017670992,
31.800000000000182,3.138155962387355,-0.001393286976718,
31.900000000000183,3.137999203614046,-0.001744500683959,
32.000000000000185,3.137806480463254,-0.002113173826967,
32.100000000000186,3.137575864110122,-0.002502996171354,
32.200000000000188,3.137305046486295,-0.002917869139466,
32.300000000000189,3.136991317181570,-0.003361944852362,
32.400000000000190,3.136631536318842,-0.003839667680739,
32.500000000000192,3.136222103131741,-0.004355818717708,
32.600000000000193,3.135758919930379,-0.004915563619427,
32.700000000000195,3.135237351094894,-0.005524504291048,
32.800000000000196,3.134652176686778,-0.006188734933958,
32.900000000000198,3.133997540214331,-0.006914903013661,
33.000000000000199,3.133266890030069,-0.007710275756391,
33.100000000000200,3.132452913774871,-0.008582812836477,
33.200000000000202,3.131547465213887,-0.009541245978255,
33.300000000000203,3.130541482733897,-0.010595166263535,
33.400000000000205,3.129424898688887,-0.011755120010918,
33.500000000000206,3.128186538689617,-0.013032714176800,
33.600000000000207,3.126814009834460,-0.014440732318617,
33.700000000000209,3.125293576768502,-0.015993262263100,
33.800000000000210,3.123610024338811,-0.017705836732360,
33.900000000000212,3.121746505482667,-0.019595588301600,
34.000000000000213,3.119684372840737,-0.021681420194691,
34.100000000000215,3.117402992431208,-0.023984194565130,
34.200000000000216,3.114879537547223,-0.026526940064746,
34.300000000000217,3.112088760851655,-0.029335080666681,
34.400000000000219,3.109002742438558,-0.032436687882610,
34.500000000000220,3.105590611408093,-0.035862758695906,
34.600000000000222,3.101818238252937,-0.039647521721767,
34.700000000000223,3.097647895117762,-0.043828774282958,
34.800000000000225,3.093037880673106,-0.048448253287472,
34.900000000000226,3.087942106093676,-0.053552042942035,
35.000000000000227,3.082309638288885,-0.059191022479830,
35.100000000000229,3.076084196223462,-0.065421357165205,
35.200000000000230,3.069203595838981,-0.072305035843987,
35.300000000000232,3.061599138759084,-0.079910458197605,
35.400000000000233,3.053194939663043,-0.088313074607928,
35.500000000000234,3.043907186938921,-0.097596080989801,
35.600000000000236,3.033643331037464,-0.107851170155732,
35.700000000000237,3.022301194845937,-0.119179339922514,
35.800000000000239,3.009768000474683,-0.131691756270903,
35.900000000000240,2.995919307149976,-0.145510667021079,
36.000000000000242,2.980617855546182,-0.160770357524103,
36.100000000000243,2.963712315009012,-0.177618134260007,
36.200000000000244,2.945035931890419,-0.196215314544263,
36.300000000000246,2.924405079907826,-0.216738189966871,
36.400000000000247,2.901617717338257,-0.239378916950125,
36.500000000000249,2.876451761451976,-0.264346268594045,
36.600000000000250,2.848663398373813,-0.291866156523906,
36.700000000000252,2.817985357296732,-0.322181797894401,
36.800000000000253,2.784125192545108,-0.355553359050861,
36.900000000000254,2.746763636523245,-0.392256851313418,
37.000000000000256,2.705553112447829,-0.432581983626504,
37.100000000000257,2.660116529496652,-0.476828589537149,
37.200000000000259,2.610046526366492,-0.525301141277906,
37.300000000000260,2.554905383846905,-0.578300743427904,
37.400000000000261,2.494225894225715,-0.636113868842025,
37.500000000000263,2.427513555463759,-0.698996974178470,
37.600000000000264,2.354250549495815,-0.767156037385793,
37.700000000000266,2.273902061679384,-0.840720038603683,
37.800000000000267,2.185925591760725,-0.919707526939229,
37.900000000000269,2.089783976968656,-1.003985775225325,
38.000000000000270,1.984962865056482,-1.093222748772456,
38.100000000000271,1.870993295842870,-1.186833343452949,
38.200000000000273,1.747479817011712,-1.283923204580491,
38.300000000000274,1.614134108307328,-1.383235951187693,
38.400000000000276,1.470813358399119,-1.483112629116420,
38.500000000000277,1.317561604203624,-1.581475189529048,
38.600000000000279,1.154650950001562,-1.675847775835679,
38.700000000000280,0.982618198458392,-1.763429215099476,
38.800000000000281,0.802291261681379,-1.841225839842306,
38.900000000000283,0.614799222380538,-1.906244651663352,
39.000000000000284,0.421560557785922,-1.955733397056964,
39.100000000000286,0.224246137679994,-1.987439099315422,
39.200000000000287,0.024717093299732,-1.999844800679612,
39.300000000000288,-0.175058071432372,-1.992341081108586,
39.400000000000290,-0.373098744539235,-1.965297627614750,
39.500000000000291,-0.567508895521432,-1.920019638721160,
39.600000000000293,-0.756563935100335,-1.858598381136708,
39.700000000000294,-0.938778552739459,-1.783686653902736,
39.800000000000296,-1.112950097720265,-1.698241591862203,
39.900000000000297,-1.278176389141477,-1.605276826747936,
40.000000000000298,-1.433850597223108,-1.507655893262786,
40.100000000000300,-1.579638305435032,-1.407944034237977,
40.200000000000301,-1.715442847321633,-1.308321378360988,
40.300000000000303,-1.841364753971749,-1.210550154323028,
40.400000000000304,-1.957660103738089,-1.115983186422745,
40.500000000000306,-2.064701200165650,-1.025599703354257,
40.600000000000307,-2.162941667855064,-0.940056033247604,
40.700000000000308,-2.252886949561652,-0.859741595217500,
40.800000000000310,-2.335070383071746,-0.784833653800892,
40.900000000000311,-2.410034520806247,-0.715346962580571,
41.000000000000313,-2.478317074406370,-0.651176444577193,
41.100000000000314,-2.540440755105157,-0.592132432002944,
41.200000000000315,-2.596906278645483,-0.537968823590087,
41.300000000000317,-2.648187863919241,-0.488404954759514,
41.400000000000318,-2.694730644264586,-0.443142145684632,
41.500000000000320,-2.736949508208336,-0.401875899120142,
41.600000000000321,-2.775228980047178,-0.364304638308401,
41.700000000000323,-2.809923833829049,-0.330135754430112,
41.800000000000324,-2.841360204719341,-0.299089602707962,
41.900000000000325,-2.869837019373948,-0.270901962799847,
42.000000000000327,-2.895627612925221,-0.245325370299985,
42.100000000000328,-2.918981436143882,-0.222129634576423,
42.200000000000330,-2.940125783994292,-0.201101783508503,
42.300000000000331,-2.959267497766397,-0.182045616232333,
42.400000000000333,-2.976594608655251,-0.164780998503459,
42.500000000000334,-2.992277902248187,-0.149142999440780,
42.600000000000335,-3.006472391827610,-0.134980941109950,
42.700000000000337,-3.019318694464940,-0.122157411818967,
42.800000000000338,-3.030944308161455,-0.110547278626332,
42.900000000000340,-3.041464791244439,-0.100036723184377,
43.000000000000341,-3.050984847200338,-0.090522316699020,
43.100000000000342,-3.059599319385288,-0.081910143733512,
43.200000000000344,-3.067394100796997,-0.074114980240224,
43.300000000000345,-3.074446964467688,-0.067059528132716,
43.400000000000347,-3.080828320155663,-0.060673706577780,
43.500000000000348,-3.086601902953914,-0.054893998742672,
43.600000000000350,-3.091825399257122,-0.049662851789123,
43.700000000000351,-3.096551015275804,-0.044928127324043,
43.800000000000352,-3.100825992989435,-0.040642599192940,
43.900000000000354,-3.104693078110622,-0.036763495360156,
44.000000000000355,-3.108190944305119,-0.033252080604125,
44.100000000000357,-3.111354577588226,-0.030073276824940,
44.200000000000358,-3.114215624503687,-0.027195317886182,
44.300000000000360,-3.116802707391128,-0.024589436071807,
44.400000000000361,-3.119141709764950,-0.022229577416800,
44.500000000000362,-3.121256034562731,-0.020092143356646,
44.600000000000364,-3.123166837775075,-0.018155756327899,
44.700000000000365,-3.124893239741328,-0.016401047135265,
44.800000000000367,-3.126452516185925,-0.014810462076864,
44.900000000000368,-3.127860270877767,-0.013368087986025,
45.000000000000369,-3.129130591618764,-0.012059493504213,
45.100000000000371,-3.130276191106477,-0.010871585045198,
45.200000000000372,-3.131308534068651,-0.009792476044969,
45.300000000000374,-3.132237951933143,-0.008811368215519,
45.400000000000375,-3.133073746174247,-0.007918443633871,
45.500000000000377,-3.133824281364927,-0.007104766600968,
45.600000000000378,-3.134497068862566,-0.006362194299102,
45.700000000000379,-3.135098841963143,-0.005683295361735,
45.800000000000381,-3.135635623273997,-0.005061275546716,
45.900000000000382,-3.136112784977996,-0.004489909773408,
46.000000000000384,-3.136535102591179,-0.003963479846822,
46.100000000000385,-3.136906802751063,-0.003476717247901,
46.200000000000387,-3.137231605513310,-0.003024750419163,
46.300000000000388,-3.137512761579642,-0.002603056019484,
46.400000000000389,-3.137753084829233,-0.002207413661124,
46.500000000000391,-3.137954980478957,-0.001833863676731,
46.600000000000392,-3.138120469154121,-0.001478667494200,
46.700000000000394,-3.138251207110474,-0.001138270223192,
46.800000000000395,-3.138348502809778,-0.000809265079185,
46.900000000000396,-3.138413330014791,-0.000488359289214,
47.000000000000398,-3.138446337534616,-0.000172341138275,
47.100000000000399,-3.138447855717946,0.000141952173249,
47.200000000000401,-3.138417899759171,0.000457666182767,
47.300000000000402,-3.138356169850490,0.000777960646043,
47.400000000000404,-3.138262048181422,0.001106041159924,
47.500000000000405,-3.138134592755778,0.001445191243719,
47.600000000000406,-3.137972527964214,0.001798805200218,
47.700000000000408,-3.137774231818037,0.002170422085081,
47.800000000000409,-3.137537719716549,0.002563761124429,
47.900000000000411,-3.137260624585624,0.002982758934464,
48.000000000000412,-3.136940173188641,0.003431608916490,
48.100000000000414,-3.136573158372888,0.003914803219731,
48.200000000000415,-3.136155906973985,0.004437177692458,
48.300000000000416,-3.135684243057176,0.005003960270074,
48.400000000000418,-3.135153446127950,0.005620823283728,
48.500000000000419,-3.134558203894293,0.006293940211469,
48.600000000000421,-3.133892559108144,0.007030047438575,
48.700000000000422,-3.133149849954925,0.007836511642428,
48.800000000000423,-3.132322643395824,0.008721403473166,
48.900000000000425,-3.131402660796841,0.009693578263460,
49.000000000000426,-3.130380695102298,0.010762764569282,
49.100000000000428,-3.129246518726515,0.011939661419953,
49.200000000000429,-3.127988781244947,0.013236045240618,
49.300000000000431,-3.126594895866342,0.014664887502190,
49.400000000000432,-3.125050913555541,0.016240484257662,
49.500000000000433,-3.123341383555870,0.017978598835121,
49.600000000000435,-3.121449198927051,0.019896619080394,
49.700000000000436,-3.119355425567731,0.022013730676426,
49.800000000000438,-3.117039113033903,0.024351108209115,
49.900000000000439,-3.114477085287940,0.026932125806327,
50.000000000000441,-3.111643709322641,0.029782589342060,
50.100000000000442,-3.108510639398628,0.032930992371879,
50.200000000000443,-3.105046534396993,0.036408798154437,
50.300000000000445,-3.101216745575821,0.040250750283335,
50.400000000000446,-3.096982971702805,0.044495214670371,
50.500000000000448,-3.092302878314549,0.049184555767834,
50.600000000000449,-3.087129677508734,0.054365550101344,
50.700000000000450,-3.081411664385443,0.060089840305157,
50.800000000000452,-3.075091705925662,0.066414432925519,
50.900000000000453,-3.068106677762660,0.073402243259036,
51.000000000000455,-3.060386843987807,0.081122690349299,
51.100000000000456,-3.051855174828052,0.089652344996479,
51.200000000000458,-3.042426596774135,0.099075633025977,
51.300000000000459,-3.032007169556349,0.109485595223638,
51.400000000000460,-3.020493184287995,0.120984703895595,
51.500000000000462,-3.007770177194451,0.133685734009282,
51.600000000000463,-2.993711853696769,0.147712683854253,
51.700000000000465,-2.978178918314235,0.163201735998522,
51.800000000000466,-2.961017807057474,0.180302243425600,
51.900000000000468,-2.942059320873653,0.199177717656129,
52.000000000000469,-2.921117161553849,0.220006784606457,
52.100000000000470,-2.897986375639035,0.242984059012427,
52.200000000000472,-2.872441717741320,0.268320868206696,
52.300000000000473,-2.844235952879657,0.296245729466719,
52.400000000000475,-2.813098128676550,0.327004450218996,
52.500000000000476,-2.778731863508339,0.360859675008984,
52.600000000000477,-2.740813717097308,0.398089645049481,
52.700000000000479,-2.698991736977887,0.438985863046342,
52.800000000000480,-2.652884309343059,0.483849266102614,
52.900000000000482,-2.602079487725654,0.532984402280480,
53.000000000000483,-2.546135029413696,0.586690984121782,
53.100000000000485,-2.484579438665214,0.645252062184740,
53.200000000000486,-2.416914397778462,0.708917938843811,
53.300000000000487,-2.342619059864873,0.777884855471924,
53.400000000000489,-2.261156775031172,0.852267481573010,
53.500000000000490,-2.171984912986730,0.932064384441956,
53.600000000000492,-2.074568509573672,1.017116063762991,
53.700000000000493,-1.968398470528879,1.107055926482278,
53.800000000000495,-1.853014967347799,1.201255894458253,
53.900000000000496,-1.728036398627606,1.298770294008930,
54.000000000000497,-1.593193800114921,1.398284280424891,
54.100000000000499,-1.448369811359856,1.498076088304953,
54.200000000000500,-1.293640228164701,1.596005296370408,
54.300000000000502,-1.129314849577319,1.689541021301750,
54.400000000000503,-0.955972952436615,1.775843076033375,
54.500000000000504,-0.774487631985907,1.851904164690038,
54.600000000000506,-0.586032891782154,1.914751338556748,
54.700000000000507,-0.392068214723767,1.961691023675069,
54.800000000000509,-0.194297671072364,1.990567045150929,
54.900000000000510,0.005395724904564,1.999990254130747,
55.000000000000512,0.205035387802026,1.989496843580532,
55.100000000000513,0.402647376099583,1.959602967909424,
55.200000000000514,0.596356295970692,1.911744013616508,
55.300000000000516,0.784469806869193,1.848111462427540,
55.400000000000517,0.965543018631828,1.771420599238090,
55.500000000000519,1.138417990387850,1.684652197287376,
55.600000000000520,1.302237841959945,1.590809187096273,
55.700000000000522,1.456438584850158,1.492718134254496,
55.800000000000523,1.600724023434506,1.392890401933874,
55.900000000000524,1.735029850962907,1.293444121878656,
56.000000000000526,1.859482657229891,1.196078511039069,
56.100000000000527,1.974358444190313,1.102087358642295,
56.200000000000529,2.080043865798117,1.012397809814543,
56.300000000000530,2.177002097482975,0.927622394853398,
56.400000000000531,2.265744177682250,0.848115180688553,
56.500000000000533,2.346805904885174,0.774025946261538,
56.600000000000534,2.420729897447861,0.705348855481952,
56.700000000000536,2.488052172417287,0.641964021890167,
56.800000000000537,2.549292508176329,0.583671644573367,
56.900000000000539,2.604947865736355,0.530219161380759,
57.000000000000540,2.655488210132722,0.481322254457640,
57.100000000000541,2.701354165465011,0.436680682446341,
57.200000000000543,2.742956034943644,0.395989903130775,
57.300000000000544,2.780673809617810,0.358949360236128,
57.400000000000546,2.814857870784728,0.325268184303417,
57.500000000000547,2.845830159542281,0.294668927447638,
57.600000000000549,2.873885642739180,0.266889830206139,
57.700000000000550,2.899293948941368,0.241686012386983,
57.800000000000551,2.922301082630959,0.218829890852786,
57.900000000000553,2.943131151402510,0.198111054931339,
58.000000000000554,2.961988061007938,0.179335772788472,
58.100000000000556,2.979057148102138,0.162326257349086,
58.200000000000557,2.994506731601454,0.146919785920872,
58.300000000000558,3.008489571612516,0.132967741490303,
58.400000000000560,3.021144230653085,0.120334623948522,
58.500000000000561,3.032596335940390,0.108897064805400,
58.600000000000563,3.042959744307837,0.098542868084557,
58.700000000000564,3.052337613161451,0.089170092138794,
58.800000000000566,3.060823382057082,0.080686181362545,
58.900000000000567,3.068501670159538,0.073007152650427,
59.000000000000568,3.075449095175197,0.066056838540171,
59.100000000000570,3.081735019436434,0.059766186963386,
59.200000000000571,3.087422228736012,0.054072616169012,
59.300000000000573,3.092567549318628,0.048919422503326,
59.400000000000574,3.097222408175935,0.044255238193295,
59.500000000000576,3.101433341489706,0.040033535987828,
59.600000000000577,3.105242455746146,0.036212177391749,
59.700000000000578,3.108687845716901,0.032753001226516,
59.800000000000580,3.111803973179216,0.029621449330752,
59.900000000000581,3.114622009935160,0.026786226344761,
60.000000000000583,3.117170148392223,0.024218990685621,
60.100000000000584,3.119473882687112,0.021894073999395,
60.200000000000585,3.121556263072556,0.019788226563700,
60.300000000000587,3.123438126043614,0.017880386300891,
60.400000000000588,3.125138302455217,0.016151469244311,
60.500000000000590,3.126673805675673,0.014584179475011,
60.600000000000591,3.128060001630964,0.013162836711514,
60.700000000000593,3.129310762420791,0.011873219889815,
60.800000000000594,3.130438605028247,0.010702425214675,
60.900000000000595,3.131454816499933,0.009638737296007,
61.000000000000597,3.132369566840789,0.008671512106185,
61.100000000000598,3.133192010747246,0.007791070605807,
61.200000000000600,3.133930379192211,0.006988601987291,
61.300000000000601,3.134592061775017,0.006256075578334,
61.400000000000603,3.135183680657974,0.005586160531214,
61.500000000000604,3.135711156827584,0.004972152499884,
61.600000000000605,3.136179769342195,0.004407906575211,
61.700000000000607,3.136594208158009,0.003887775810316,
61.800000000000608,3.136958621061373,0.003406554723048,
61.900000000000610,3.137276655176499,0.002959427211889,
62.000000000000611,3.137551493463607,0.002541918365266,
62.100000000000612,3.137785886572471,0.002149849682926,
62.200000000000614,3.137982180369926,0.001779297261904,
62.300000000000615,3.138142339416672,0.001426552529128,
62.400000000000617,3.138267966628225,0.001088085128042,
62.500000000000618,3.138360319316680,0.000760507588088,
62.600000000000620,3.138420321773795,0.000440541423687,
62.700000000000621,3.138448574521239,0.000124984323581,
62.800000000000622,3.138445360320590,-0.000189321897658,
62.900000000000624,3.138410647003186,-0.000505522906648,
63.000000000000625,3.138344087148223,-0.000826783333031,
63.100000000000627,3.138245014605766,-0.001156318440974,
63.200000000000628,3.138112437829940,-0.001497426307286,
63.300000000000630,3.137945029955591,-0.001853520828067,
63.400000000000631,3.137741115519139,-0.002228165884151,
63.500000000000632,3.137498653690789,-0.002625111006929,
63.600000000000634,3.137215217850355,-0.003048328901359,
63.700000000000635,3.136887971302306,-0.003502055201821,
63.800000000000637,3.136513638887224,-0.003990830857268,
63.900000000000638,3.136088474205640,-0.004519547570582,
64.000000000000639,3.135608222126513,-0.005093496745126,
64.100000000000634,3.135068076205495,-0.005718422427870,
64.200000000000628,3.134462630587206,-0.006400578777489,
64.300000000000622,3.133785825910797,-0.007146792630811,
64.400000000000617,3.133030888677978,-0.007964531791437,
64.500000000000611,3.132190263478202,-0.008861979720380,
64.600000000000605,3.131255537394007,-0.009848117371871,
64.700000000000600,3.130217355831881,-0.010932812987424,
64.800000000000594,3.129065328939147,-0.012126920738507,
64.900000000000588,3.127787927673681,-0.013442389194279,
65.000000000000583,3.126372368491339,-0.014892380684960,
65.100000000000577,3.124804485504154,-0.016491402734921,
65.200000000000571,3.123068588838355,-0.018255452854322,
65.300000000000566,3.121147307787016,-0.020202178101521,
65.400000000000560,3.119021417204103,-0.022351050963753,
65.500000000000554,3.116669645424033,-0.024723563250056,
65.600000000000549,3.114068461815763,-0.027343439845701,
65.700000000000543,3.111191841884734,-0.030236874346777,
65.800000000000537,3.108011007627839,-0.033432788768258,
65.900000000000531,3.104494140609114,-0.036963119707679,
66.000000000000526,3.100606065003955,-0.040863133518030,
66.100000000000520,3.096307897545337,-0.045171773257557,
66.200000000000514,3.091556661077409,-0.049932040330237,
66.300000000000509,3.086304858076438,-0.055191413910516,
66.400000000000503,3.080500000207525,-0.061002311359385,
66.500000000000497,3.074084089655791,-0.067422592902435,
66.600000000000492,3.066993047638272,-0.074516113827132,
66.700000000000486,3.059156085192000,-0.082353327288239,
66.800000000000480,3.050495011032092,-0.091011940513112,
66.900000000000475,3.040923471026999,-0.100577626540975,
67.000000000000469,3.030346113666321,-0.111144792728702,
67.100000000000463,3.018657675846319,-0.122817405719871,
67.200000000000458,3.005741983421328,-0.135709870455209,
67.300000000000452,2.991470861373662,-0.149947957612591,
67.400000000000446,2.975702949208644,-0.165669769491362,
67.500000000000441,2.958282418482773,-0.183026728166152,
67.600000000000435,2.939037591387732,-0.202184561255210,
67.700000000000429,2.917779462327502,-0.223324249091916,
67.800000000000423,2.894300128789619,-0.246642881457945,
67.900000000000418,2.868371143992622,-0.272354351132669,
68.000000000000412,2.839741812387460,-0.300689783795432,
68.100000000000406,2.808137460873242,-0.331897567455873,
68.200000000000401,2.773257734529262,-0.366242797447604,
68.300000000000395,2.734774986956448,-0.404005892793314,
68.400000000000389,2.692332863373650,-0.445480064224975,
68.500000000000384,2.645545211076904,-0.490967221589961,
68.600000000000378,2.593995498437808,-0.540771798679798,
68.700000000000372,2.537236981924158,-0.595191849411561,
68.800000000000367,2.474793931753213,-0.654506638931011,
68.900000000000361,2.406164310604044,-0.718959833574479,
69.000000000000355,2.330824393853502,-0.788737315391271,
69.100000000000350,2.248235917594951,-0.863938660364519,
69.200000000000344,2.157856429516595,-0.944541500752947,
69.300000000000338,2.059153575719880,-1.030358447001927,
69.400000000000333,1.951624049939249,-1.120987105839457,
69.500000000000327,1.834817812666050,-1.215755138947398,
69.600000000000321,1.708367895973611,-1.313664364060910,
69.700000000000315,1.572025579817764,-1.413340590577626,
69.800000000000310,1.425699904309557,-1.512998945706963,
69.900000000000304,1.269499360823215,-1.610437246140152,
70.000000000000298,1.103772260544468,-1.703071402443486,
70.100000000000293,0.929140920483903,-1.788025437213628,
70.200000000000287,0.746523792574013,-1.862283021534297,
70.300000000000281,0.557139459870086,-1.922896870432364,
70.400000000000276,0.362487485125700,-1.967238021893701,
70.500000000000270,0.164303643380271,-1.993252397246877,
70.600000000000264,-0.035509119205935,-1.999682316099670,
70.700000000000259,-0.234968337905216,-1.986210854030314,
70.800000000000253,-0.432108937509994,-1.953499239662997,
70.900000000000247,-0.625078094537631,-1.903109292355205,
71.000000000000242,-0.812217188082270,-1.837327365392437,
71.100000000000236,-0.992122647022196,-1.758925298559857,
71.200000000000230,-1.163681556855418,-1.670901931987828,
71.300000000000225,-1.326082145365125,-1.576244966250093,
71.400000000000219,-1.478802687234123,-1.477740846853142,
71.500000000000213,-1.621584385261700,-1.377845301856883,
71.600000000000207,-1.754394356389260,-1.278613905386429,
71.700000000000202,-1.877384304200039,-1.181683190904775,
71.800000000000196,-1.990849273195767,-1.088288810870956,
71.900000000000190,-2.095189493291732,-0.999307020221984,
72.000000000000185,-2.190877041472461,-0.915307833040510,
72.100000000000179,-2.278428029168797,-0.836611196598519,
72.200000000000173,-2.358380310197231,-0.763340508947452,
72.300000000000168,-2.431276265942316,-0.695470285935367,
72.400000000000162,-2.497650001604323,-0.632866603771159,
72.500000000000156,-2.558018214606359,-0.575320141842940,
72.600000000000151,-2.612874017311329,-0.522572351145581,
72.700000000000145,-2.662683068341445,-0.474335617489028,
72.800000000000139,-2.707881460762321,-0.430308399785541,
72.900000000000134,-2.748874912933423,-0.390186297342752,
73.000000000000128,-2.786038898726195,-0.353669902540987,
73.100000000000122,-2.819719433253931,-0.320470169146009,
73.200000000000117,-2.850234296764258,-0.290311896972298,
73.300000000000111,-2.877874533321205,-0.262935814028023,
73.400000000000105,-2.902906103687024,-0.238099633539395,
73.500000000000099,-2.925571605091433,-0.215578376877648,
73.600000000000094,-2.946091996054484,-0.195164183545312,
73.700000000000088,-2.964668283667731,-0.176665774070157,
73.800000000000082,-2.981483145078034,-0.159907688602343,
73.900000000000077,-2.996702465470369,-0.144729390946114,
74.000000000000071,-3.010476782505307,-0.130984302652784,
74.100000000000065,-3.022942632640407,-0.118538812930696,
74.200000000000060,-3.034223798602244,-0.107271296074496,
74.300000000000054,-3.044432459901472,-0.097071157742172,
74.400000000000048,-3.053670250016385,-0.087837923827317,
74.500000000000043,-3.062029224955990,-0.079480380188380,
74.600000000000037,-3.069592748532874,-0.071915767576736,
74.700000000000031,-3.076436299963824,-0.065069033348166,
74.800000000000026,-3.082628209473625,-0.058872139639390,
74.900000000000020,-3.088230327477363,-0.053263426415065,
75.000000000000014,-3.093298632712740,-0.048187026969156,
75.100000000000009,-3.097883784425339,-0.043592332969739,
75.200000000000003,-3.102031623403966,-0.039433505874226,
75.299999999999997,-3.105783626339784,-0.035669031443289,
75.399999999999991,-3.109177317655732,-0.032261314095024,
75.499999999999986,-3.112246642630782,-0.029176307929439,
75.599999999999980,-3.115022305333119,-0.026383181390302,
75.699999999999974,-3.117532074581194,-0.023854012697205,
75.799999999999969,-3.119801060873783,-0.021563513362270,
75.899999999999963,-3.121851966971092,-0.019488777293002,
75.999999999999957,-3.123705314568330,-0.017609053169391,
76.099999999999952,-3.125379649281221,-0.015905537964584,
76.199999999999946,-3.126891725958507,-0.014361189652050,
76.299999999999940,-3.128256676149100,-0.012960557305774,
76.399999999999935,-3.129488159379963,-0.011689626953057,
76.499999999999929,-3.130598499743887,-0.010535681681650,
76.599999999999923,-3.131598809153248,-0.009487174634077,
76.699999999999918,-3.132499098485105,-0.008533613642466,
76.799999999999912,-3.133308377724030,-0.007665456367333,
76.899999999999906,-3.134034746100456,-0.006874014904263,
76.999999999999901,-3.134685473123354,-0.006151368913671,
77.099999999999895,-3.135267071315807,-0.005490286411579,
77.199999999999889,-3.135785361379607,-0.004884151434104,
77.299999999999883,-3.136245530439733,-0.004326897855741,
77.399999999999878,-3.136652183950638,-0.003812948702059,
77.499999999999872,-3.137009391783097,-0.003337160351652,
77.599999999999866,-3.137320728952333,-0.002894771070541,
77.699999999999861,-3.137589311394621,-0.002481353365164,
77.799999999999855,-3.137817827150148,-0.002092769677979,
77.899999999999849,-3.138008563263989,-0.001725130982958,
77.999999999999844,-3.138163428674276,-0.001374757867065,
78.099999999999838,-3.138283973316489,-0.001038143708586,
78.199999999999832,-3.138371403635036,-0.000711919584060,
78.299999999999827,-3.138426594657248,-0.000392820552820,
78.399999999999821,-3.138450098750598,-0.000077652981858,
78.499999999999815,-3.138442151150773,0.000236737415849,
78.599999999999810,-3.138402672315905,0.000553497149362,
78.699999999999804,-3.138331267130535,0.000875796440030,
78.799999999999798,-3.138227220951310,0.001206860948942,
78.899999999999793,-3.138089492454847,0.001550004059049,
78.999999999999787,-3.137916703216244,0.001908660034977,
79.099999999999781,-3.137707123913916,0.002286418392259,
79.199999999999775,-3.137458657022851,0.002687059819478,
79.299999999999770,-3.137168815823021,0.003114594013211,
79.399999999999764,-3.136834699513011,0.003573299803689,
79.499999999999758,-3.136452964179977,0.004067767972089,
79.599999999999753,-3.136019789335578,0.004602947188110,
79.699999999999747,-3.135530839682998,0.005184193526363,
79.799999999999741,-3.134981221733180,0.005817324055943,
79.899999999999736,-3.134365434836222,0.006508675038454,
79.999999999999730,-3.133677316138588,0.007265165314962,
80.099999999999724,-3.132909978916090,0.008094365513502,
80.199999999999719,-3.132055743666440,0.009004573766791,
80.299999999999713,-3.131106061273706,0.010004898692550,
80.399999999999707,-3.130051427477480,0.011105350461063,
80.499999999999702,-3.128881287793653,0.012316940852760,
80.599999999999696,-3.127583931939186,0.013651793295561,
80.699999999999690,-3.126146376708919,0.015123263968143,
80.799999999999685,-3.124554236139996,0.016746075159427,
80.899999999999679,-3.122791577673620,0.018536462190834,
80.999999999999673,-3.120840762887218,0.020512335333617,
81.099999999999667,-3.118682271220458,0.022693458289781,
81.199999999999662,-3.116294504953876,0.025101644953387,
81.299999999999656,-3.113653573519768,0.027760976327010,
81.399999999999650,-3.110733055030108,0.030698039636436,
81.499999999999645,-3.107503732691201,0.033942191865739,
81.599999999999639,-3.103933303540315,0.037525850120962,
81.699999999999633,-3.099986056707290,0.041484811407385,
81.799999999999628,-3.095622518099683,0.045858604612135,
81.899999999999622,-3.090799058167699,0.050690877633388,
81.999999999999616,-3.085467459064381,0.056029822770244,
82.099999999999611,-3.079574437220796,0.061928643594177,
82.199999999999605,-3.073061117025123,0.068446066576425,
82.299999999999599,-3.065862450963493,0.075646900714464,
82.399999999999594,-3.057906581271526,0.083602648211859,
82.499999999999588,-3.049114137848675,0.092392168927006,
82.599999999999582,-3.039397466952201,0.102102400613711,
82.699999999999577,-3.028659785027390,0.112829135991471,
82.799999999999571,-3.016794252007688,0.124677856072583,
82.899999999999565,-3.003682958570741,0.137764616915751,
82.999999999999559,-2.989195822292927,0.152216983623407,
83.099999999999554,-2.973189388464417,0.168175000792539,
83.199999999999548,-2.955505532725920,0.185792182129467,
83.299999999999542,-2.935970064831116,0.205236493054391,
83.399999999999537,-2.914391236032943,0.226691288017052,
83.499999999999531,-2.890558157197854,0.250356147901607,
83.599999999999525,-2.864239141250657,0.276447541085246,
83.699999999999520,-2.835179992578882,0.305199202808334,
83.799999999999514,-2.803102278364299,0.336862089679494,
83.899999999999508,-2.767701633474627,0.371703717176991,
83.999999999999503,-2.728646172763893,0.410006625607850,
84.099999999999497,-2.685575113836459,0.452065641990549,
84.199999999999491,-2.638097751208096,0.498183510141800,
84.299999999999486,-2.585792971033238,0.548664349114957,
84.399999999999480,-2.528209555758103,0.603804274392298,
84.499999999999474,-2.464867601147099,0.663878386129871,
84.599999999999469,-2.395261453719747,0.729123212981779,
84.699999999999463,-2.318864671776982,0.799713631825611,
84.799999999999457,-2.235137610643243,0.875733316826862,
84.899999999999451,-2.143538318585379,0.957137986300220,
84.999999999999446,-2.043537480635184,1.043711223009675,
85.099999999999440,-1.934638127402867,1.135013578299911,
85.199999999999434,-1.816400685114047,1.230327171267526,
85.299999999999429,-1.688473619657246,1.328600152387498,
85.399999999999423,-1.550629356278093,1.428398171892469,
85.499999999999417,-1.402804289033383,1.527873069028287,
85.599999999999412,-1.245140531236723,1.624761673279284,
85.699999999999406,-1.078025694727349,1.716428713106719,
85.799999999999400,-0.902125652569223,1.799965860517144,
85.899999999999395,-0.718404316336869,1.872352534169437,
85.999999999999389,-0.528124421862259,1.930672828234840,
86.099999999999383,-0.332824596684295,1.972368294790608,
86.199999999999378,-0.134270746365517,1.995492061308248,
86.299999999999372,0.065616255130150,1.998921254574549,
86.399999999999366,0.264850282309431,1.982486704975930,
86.499999999999361,0.461477298476528,1.946992933378643,
86.599999999999355,0.653668925574674,1.894124138907366,
86.699999999999349,0.839801651751884,1.826256048071064,
86.799999999999343,1.018514034334267,1.746211122068534,
86.899999999999338,1.188738418727020,1.657000817306459,
86.999999999999332,1.349707881131252,1.561593269796227,
87.099999999999326,1.500942335400941,1.462731869311575,
87.199999999999321,1.642219535217391,1.362815149740128,
87.299999999999315,1.773537077809035,1.263835721495177,
87.399999999999309,1.895070841258967,1.167367868496090,
87.499999999999304,2.007134045441306,1.074590065350391,
87.599999999999298,2.110139739852624,0.986328895085899,
87.699999999999292,2.204568272980918,0.903113137146432,
87.799999999999287,2.290940324945185,0.825229836373433,
87.899999999999281,2.369795415927380,0.752777091604131,
87.999999999999275,2.441675401384836,0.685710686704160,
88.099999999999270,2.507112268833766,0.623883407914291,
88.199999999999264,2.566619495680120,0.567077006072709,
88.299999999999258,2.620686258705593,0.515027400327229,
88.399999999999253,2.669773862814136,0.467444021442985,
88.499999999999247,2.714313852088261,0.424024277890861,
88.599999999999241,2.754707363237544,0.384464087223201,
88.699999999999235,2.791325370901987,0.348465311165040,
88.799999999999230,2.824509551802362,0.315740804946489,
88.899999999999224,2.854573559292002,0.286017662735738,
88.999999999999218,2.881804552055854,0.259039123594642,
89.099999999999213,2.906464861943272,0.234565501239363,
89.199999999999207,2.928793717917242,0.212374417092770,
89.299999999999201,2.949008967546864,0.192260548580400,
89.399999999999196,2.967308755890529,0.174035051309008,
89.499999999999190,2.983873135321098,0.157524772358247,
89.599999999999184,2.998865589908499,0.142571340173416,
89.699999999999179,3.012434465264360,0.129030192483648,
89.799999999999173,3.024714299948563,0.116769585608151,
89.899999999999167,3.035827058168764,0.105669615079101,
89.999999999999162,3.045883265976219,0.095621267609165,
90.099999999999156,3.054983054783351,0.086525517205444,
90.199999999999150,3.063217117033434,0.078292473012179,
90.299999999999145,3.070667579414221,0.070840582743388,
90.399999999999139,3.077408799254886,0.064095892954994,
90.499999999999133,3.083508089775205,0.057991365610577,
90.599999999999127,3.089026379737095,0.052466249197091,
90.699999999999122,3.094018812832938,0.047465501881622,
90.799999999999116,3.098535291869447,0.042939263745778,
90.899999999999110,3.102620972496160,0.038842374900954,
90.999999999999105,3.106316710903028,0.035133936208532,
91.099999999999099,3.109659469584570,0.031776909355865,
91.199999999999093,3.112682684947556,0.028737753136220,
91.299999999999088,3.115416600230790,0.025986092923216,
91.399999999999082,3.117888566913001,0.023494420499202,
91.499999999999076,3.120123317509712,0.021237821580054,
91.599999999999071,3.122143212403729,0.019193728566113,
91.699999999999065,3.123968463116071,0.017341696235123,
91.799999999999059,3.125617334204928,0.015663198273134,
91.899999999999054,3.127106325778402,0.014141442711629,
91.999999999999048,3.128450338421900,0.012761204501127,
92.099999999999042,3.129662822171660,0.011508673602958,
92.199999999999037,3.130755911011248,0.010371317121382,
92.299999999999031,3.131740544226601,0.009337754127714,
92.399999999999025,3.132626575826348,0.008397641947012,
92.499999999999019,3.133422873116847,0.007541572786507,
92.599999999999014,3.134137405414159,0.006760979684036,
92.699999999999008,3.134777323777702,0.006048050844647,
92.799999999999002,3.135349032561228,0.005395651515074,
92.899999999998997,3.135858253495478,0.004797252619375,
92.999999999998991,3.136310082942617,0.004246865445358,
93.099999999998985,3.136709042894491,0.003738981730982,
93.199999999998980,3.137059126224430,0.003268518553200,
93.299999999998974,3.137363836644944,0.002830767469260,
93.399999999998968,3.137626223770864,0.002421347402612,
93.499999999998963,3.137848913638538,0.002036160802750,
93.599999999998957,3.138034134986339,0.001671352640865,
93.699999999998951,3.138183741559335,0.001323271831401,
93.799999999998946,3.138299230661240,0.000988434693777,
93.899999999998940,3.138381758139280,0.000663490088819,
93.999999999998934,3.138432149951807,0.000345185881227,
94.099999999998929,3.138450910434446,0.000030336392575,
94.199999999998923,3.138438227347472,-0.000284209480791,
94.299999999998917,3.138393973754908,-0.000601599803937,
94.399999999998911,3.138317706754167,-0.000925011109141,
94.499999999998906,3.138208663043496,-0.001257680186491,
94.599999999998900,3.138065751282872,-0.001602936477362,
94.699999999998894,3.137887541171954,-0.001964235394870,
94.799999999998889,3.137672249135759,-0.002345192904729,
94.899999999998883,3.137417720475013,-0.002749621711857,
94.999999999998877,3.137121407802336,-0.003181569415856,
95.099999999998872,3.136780345548800,-0.003645359015568,
95.199999999998866,3.136391120285749,-0.004145632168268,
95.299999999998860,3.135949836565175,-0.004687395635914,
95.399999999998855,3.135452077936685,-0.005276071382460,
95.499999999998849,3.134892862751714,-0.005917550822198,
95.599999999998843,3.134266594312953,-0.006618253760859,
95.699999999998838,3.133567004870701,-0.007385192617374,
95.799999999998832,3.132787092906608,-0.008226042566186,
95.899999999998826,3.131919053078280,-0.009149218298735,
95.999999999998820,3.130954198125116,-0.010163958167376,
96.099999999998815,3.129882871956449,-0.011280416546874,
96.199999999998809,3.128694353054715,-0.012509765329349,
96.299999999998803,3.127376747231051,-0.013864305556204,
96.399999999998798,3.125916868665454,-0.015357590287938,
96.499999999998792,3.124300108047791,-0.017004559920001,
96.599999999998786,3.122510286510845,-0.018821691268283,
96.699999999998781,3.120529493906184,-0.020827161876961,
96.799999999998775,3.118337909822424,-0.023041031138854,
96.899999999998769,3.115913605579204,-0.025485439967741,
96.999999999998764,3.113232325247155,-0.028184830923080,
97.099999999998758,3.110267243548352,-0.031166190855725,
97.199999999998752,3.106988698272179,-0.034459318324882,
97.299999999998747,3.103363894609768,-0.038097118220357,
97.399999999998741,3.099356578561915,-0.042115926208093,
97.499999999998735,3.094926676287315,-0.046555865812486,
97.599999999998730,3.090029895994898,-0.051461241105335,
97.699999999998724,3.084617288652565,-0.056880968134437,
97.799999999998718,3.078634763482761,-0.062869048325134,
97.899999999998712,3.072022553883660,-0.069485087131401,
97.999999999998707,3.064714629086128,-0.076794861161106,
98.099999999998701,3.056638046549116,-0.084870936793752,
98.199999999998695,3.047712239805098,-0.093793342918816,
98.299999999998690,3.037848236243968,-0.103650299703024,
98.399999999998684,3.026947799176278,-0.114539004213689,
98.499999999998678,3.014902488521129,-0.126566472043454,
98.599999999998673,3.001592634651497,-0.139850431667234,
98.699999999998667,2.986886220434604,-0.154520264758312,
98.799999999998661,2.970637667401090,-0.170717980816354,
98.899999999998656,2.952686523471133,-0.188599207657275,
98.999999999998650,2.932856051949003,-0.208334169992052,
99.099999999998644,2.910951724875044,-0.230108615657907,
99.199999999998639,2.886759628685976,-0.254124631973746,
99.299999999998633,2.860044796964078,-0.280601271932151,
99.399999999998627,2.830549494528602,-0.309774879809701,
99.499999999998622,2.797991490044085,-0.341898966408986,
99.599999999998616,2.762062371734319,-0.377243433317470,
99.699999999998610,2.722425983963718,-0.416092880943467,
99.799999999998604,2.678717092848742,-0.458743654580327,
99.899999999998599,2.630540428391916,-0.505499184942034,
99.999999999998593,2.577470300574704,-0.556663065104990,
100.099999999998587,2.519051048940080,-0.612529178615006,
